{"cameraMode":{"drawMode":0,"name":"Shaded","section":"Shading Mode"},"sceneLighting":false,"audioPlay":false,"sceneViewState":{"showFog":true,"showMaterialUpdate":false,"showSkybox":false,"showFlares":true,"showImageEffects":true,"showParticleSystems":true},"in2DMode":false,"pivot":{"x":760.6015014648438,"y":100.43449401855469,"z":-95.2513427734375},"rotation":{"x":0.0011900601675733924,"y":0.018596049398183824,"z":0.000022329828425426967,"w":-0.9998307824134827},"size":472.9007263183594,"orthographic":false}