{"cameraMode":{"drawMode":0,"name":"Shaded","section":"Shading Mode"},"sceneLighting":false,"audioPlay":false,"sceneViewState":{"showFog":true,"showMaterialUpdate":false,"showSkybox":false,"showFlares":true,"showImageEffects":true,"showParticleSystems":true},"in2DMode":false,"pivot":{"x":2.7477245330810549,"y":34.164772033691409,"z":-24.30251693725586},"rotation":{"x":-0.2096005082130432,"y":-0.07559771835803986,"z":0.01625654473900795,"w":-0.9747269749641419},"size":1.0272750854492188,"orthographic":false}