{"cameraMode":{"drawMode":0,"name":"Shaded","section":"Shading Mode"},"sceneLighting":false,"audioPlay":false,"sceneViewState":{"showFog":true,"showMaterialUpdate":false,"showSkybox":false,"showFlares":true,"showImageEffects":true,"showParticleSystems":true},"in2DMode":false,"pivot":{"x":2.1664047241210939,"y":29.948619842529298,"z":-13.102909088134766},"rotation":{"x":0.0011900601675733924,"y":0.018596049398183824,"z":0.000022329828425426967,"w":-0.9998307824134827},"size":1.1069471836090088,"orthographic":false}