{"cameraMode":{"drawMode":0,"name":"Shaded","section":"Shading Mode"},"sceneLighting":false,"audioPlay":false,"sceneViewState":{"showFog":true,"showMaterialUpdate":false,"showSkybox":false,"showFlares":true,"showImageEffects":true,"showParticleSystems":true},"in2DMode":false,"pivot":{"x":5.420631408691406,"y":15.754350662231446,"z":-24.635269165039064},"rotation":{"x":-0.1467687487602234,"y":0.010976782999932766,"z":-0.001628488302230835,"w":-0.9891105890274048},"size":146.15560913085938,"orthographic":false}